pkg_abbrev,opt_abbrev
PKG_COMF,OPT_CC_FOUR
PKG_COMF,OPT_SFEAT_HTF
PKG_COMF,OPT_SFEAT_HTR
PKG_COMF,OPT_CC_HSW
PKG_COMF,OPT_INF_RSPD
PKG_TECH,OPT_INF_TS12
PKG_TECH,OPT_INF_DDIG
PKG_TECH,OPT_INF_HUD
PKG_TECH,OPT_INF_WCHARG
PKG_TECH,OPT_INF_WIFI
PKG_LITE,OPT_LBA_AMBI
PKG_LITE,OPT_LBA_FOOT
PKG_LITE,OPT_LBA_PUDD
PKG_LITE,OPT_LBA_SCFL
PKG_DAPT,OPT_ADAS_ACR
PKG_DAPT,OPT_ADAS_LDW
PKG_DAPT,OPT_ADAS_LCA
PKG_DAPT,OPT_ADAS_CAM360
PKG_DAPT,OPT_ADAS_PARK
PKG_DAPT,OPT_ADAS_SIGNS
PKG_DAPT,OPT_ADAS_LIMIT
PKG_SPORT,OPT_CHAS_SSP
PKG_SPORT,OPT_WHL_19
PKG_SPORT,OPT_CHAS_VRS
PKG_SOUND,OPT_AUD_16SPK
PKG_SOUND,OPT_AUD_BRAND
PKG_CARGO,OPT_CT_PASS
PKG_CARGO,OPT_CT_TOWPREP
PKG_CARGO,OPT_CT_ROOFM
PKG_TRIM_ADV,OPT_BUMP_ADV
PKG_TRIM_ADV,OPT_WND_ALU
PKG_TRIM_ADV,OPT_MIR_BODY
PKG_TRIM_ADV,OPT_PNT_CON
PKG_TRIM_S,OPT_BUMP_SP
PKG_TRIM_S,OPT_WND_ALU
PKG_TRIM_S,OPT_MIR_BODY
PKG_TRIM_S,OPT_PNT_FULL
PKG_TRIM_SPB,OPT_BUMP_SP
PKG_TRIM_SPB,OPT_WND_DARK
PKG_TRIM_SPB,OPT_MIR_BLACK
PKG_TRIM_SPB,OPT_PNT_FULL
